05-212-3704,122,Bankruptcy
05-212-3704,104,Intellectual Property
87-043-6401,114,Immigration
87-043-6401,100,Health
87-043-6401,124,Tax
87-043-6401,106,Corporate
87-043-6401,112,Labor
14-373-4613,106,Criminal
14-373-4613,118,Elder
14-384-2939,104,Tax
14-384-2939,110,Criminal
14-384-2939,108,Intellectual Property
14-384-2939,102,Immigration
14-384-2939,100,Family
18-439-1489,124,Family
18-439-1489,110,Elder
18-439-1489,100,Intellectual Property
19-605-3360,106,Personal Injury
19-605-3360,118,Tax
19-605-3360,112,Labor
22-285-1947,112,Elder
22-285-1947,124,Health
22-285-1947,106,Immigration
96-251-8140,114,Labor
96-251-8140,102,Family
96-251-8140,100,Elder
96-251-8140,120,Corporate
96-251-8140,122,Criminal
96-251-8140,110,Health
22-323-0813,106,Bankruptcy
22-323-0813,114,Intellectual Property
22-323-0813,110,Immigration
26-647-2021,102,Personal Injury
26-647-2021,124,Bankruptcy
27-836-4773,104,Family
27-836-4773,118,Real Estate
27-836-4773,102,Tax
27-836-4773,112,Criminal
28-990-1568,124,Health
28-990-1568,108,Personal Injury
28-990-1568,100,Bankruptcy
31-448-4700,104,Labor
36-768-2911,122,Tax
36-768-2911,106,Health
36-768-2911,118,Family
36-768-2911,114,Bankruptcy
38-183-8757,122,Bankruptcy
38-183-8757,112,Personal Injury
39-256-1100,116,Tax
39-256-1100,110,Intellectual Property
39-256-1100,100,Bankruptcy
39-256-1100,104,Environmental
40-386-3571,114,Real Estate
40-386-3571,122,Corporate
40-386-3571,102,Real Estate
44-618-0600,110,Personal
44-618-0600,104,Bankruptcy
44-618-0600,112,Elder
44-618-0600,122,Health
52-271-5785,122,Corporate
52-271-5785,114,Labor
52-271-5785,110,Immigration
64-866-6708,106,Intellectual Property
64-866-6708,122,Environmental
64-866-6708,120,Family
64-866-6708,116,Corporate
74-575-2423,108,Tax
74-575-2423,116,Health
74-575-2423,124,Intellectual Property
74-575-2423,122,Intellectual Property
77-304-4805,104,Labor
77-304-4805,108,Criminal
78-297-6374,102,Elder
80-711-7692,118,Health
80-711-7692,106,Elder
80-711-7692,120,Criminal
87-043-6401,108,Health
87-043-6401,110,Personal Injury
87-043-6401,104,Criminal
88-111-7817,106,Elder
93-738-4268,106,Intellectual Property
93-738-4268,124,Family
96-251-8140,104,Intellectual Property
96-251-8140,124,Personal Injury
99-416-9999,100,Labor
